Country,Year,Cost to import (% change),Cost to import (US$ per container),Deposit interest rate (%),Electric power consumption (% change),Electric power consumption (kWh per capita),"Foreign direct investment, net inflows (% change)","Foreign direct investment, net inflows (BoP, current US$)",GDP per capita (% change),GDP per capita (constant 2010 US$),GNI per capita (% change),GNI per capita (constant 2010 US$),Gross domestic savings (% change),Gross domestic savings (constant 2010 US$),Household final consumption expenditure per capita (% change),Household final consumption expenditure per capita (constant 2010 US$),"Inflation, consumer prices (annual %)",Lending interest rate (%),"Life expectancy at birth, total (years)",Merchandise imports from high-income economies (% of total merchandise imports),Trade (% change),Trade (constant 2010 US$),Trade in services (% change),Trade in services (constant 2010 US$),"Unemployment, total (% of total labor force) (national estimate)"
Australia,1990,,,16.35,4.9,8527.23,11.73,8110892263.76,2.01,35812.93,1.41,34451.34,0.65,165048312023.84,2.64,18929.77,7.56,17.9,76.99,89.01,3.88,197181370792.06,8.0,48180515200.46,6.9
Australia,1991,,,11.41,-0.06,8522.16,-46.83,4312358476.32,-1.64,35225.04,-1.69,33869.18,-11.24,146498355199.97,-0.21,18889.24,7.27,14.09,77.28,86.24,-0.29,196614900340.51,-2.64,46910191130.94,9.6
Australia,1992,,,7.36,0.33,8550.33,32.16,5699133705.11,-0.81,34939.06,-0.15,33819.7,-5.8,138003579431.68,1.13,19102.73,3.22,10.67,77.38,84.22,3.03,202579842774.3,3.06,48346543517.57,10.8
Australia,1993,,,5.95,1.77,8701.76,-24.23,4318356055.64,3.05,36003.67,3.55,35020.98,7.16,147885616549.67,0.94,19281.5,0.99,9.42,77.88,83.79,11.39,225654473196.41,11.91,54106643873.77,10.9
Australia,1994,,,5.94,1.27,8812.49,15.8,5000720814.42,2.94,37063.08,3.01,36075.27,6.27,157161110393.92,1.33,19538.14,1.81,9.23,77.88,84.07,6.97,241390423014.89,16.42,62988302021.29,9.8
Australia,1995,,,7.38,2.06,8994.36,140.49,12026426011.75,2.63,38038.47,2.06,36819.43,4.98,164980770758.67,3.36,20194.24,1.89,10.7,77.83,83.52,7.45,259374003196.35,3.08,64931177941.28,8.5
Australia,1996,,,6.9,1.27,9108.3,-48.6,6181381324.81,2.59,39024.57,2.49,37735.79,5.56,174152923119.28,1.94,20586.77,4.64,10.5,78.08,82.19,5.29,273100530875.33,6.11,68900971313.36,8.6
Australia,1997,,,5.21,2.01,9291.08,23.46,7631273089.61,2.79,40113.72,2.96,38853.2,7.22,186723710771.21,1.8,20957.1,2.61,8.89,78.48,80.48,3.22,281890572259.31,-3.13,66743465088.78,8.5
Australia,1998,,,4.48,5.3,9783.44,-21.94,5956935412.56,3.36,41459.69,3.57,40240.56,2.67,191707404299.48,3.8,21754.01,0.25,8.15,78.63,79.51,10.0,310085346074.65,4.24,69575071871.97,7.8
Australia,1999,,,4.19,2.59,10036.46,-44.42,3311038586.09,3.81,43041.05,3.87,41797.09,1.31,194212673350.25,4.26,22680.24,0.85,7.99,78.93,77.93,2.47,317743575119.15,14.49,79655459011.91,7.0
Australia,2000,,,5.07,1.57,10193.91,349.8,14892978180.18,2.64,44176.31,2.86,42993.26,5.76,205395852280.46,2.9,23337.83,1.47,9.27,79.23,75.42,8.92,346097274238.03,0.57,80111966116.39,6.3
Australia,2001,,,3.86,4.34,10636.38,-28.04,10717133150.69,0.56,44425.57,0.63,43264.79,-0.8,203762828954.25,1.9,23782.16,4.48,8.66,79.63,74.47,9.94,380487970817.9,0.64,80624782741.88,6.8
Australia,2002,,,3.7,1.66,10813.12,36.76,14656321800.54,2.6,45579.19,2.66,44417.42,7.48,218999363932.56,1.84,24219.61,4.38,8.16,79.94,73.16,-2.71,370161890066.86,6.79,86098625129.42,6.4
Australia,2003,,,3.51,-3.5,10434.87,-38.69,8985246029.5,1.81,46402.68,1.72,45180.33,0.46,220000193339.2,3.0,24946.32,3.0,8.41,80.24,71.37,-0.32,368983674458.97,5.42,90761558000.15,5.9
Australia,2004,,,3.85,1.15,10554.82,377.53,42907672820.38,2.95,47771.05,2.88,46481.35,6.59,234489612717.31,3.93,25927.25,2.77,8.85,80.49,70.58,-4.29,353139851967.88,-2.97,88065291811.81,5.4
Australia,2005,,1120.0,3.89,-0.91,10458.45,-158.48,-25093141435.19,1.85,48656.48,0.96,46928.43,4.68,245468914754.08,3.14,26740.84,2.34,9.06,80.84,68.67,9.21,385672898758.64,0.09,88144160249.03,5.0
Australia,2006,0.0,1120.0,4.06,0.31,10490.48,-221.75,30551100656.6,1.47,49374.06,1.24,47508.21,7.73,264431986311.67,1.64,27179.97,2.67,9.41,81.04,66.23,8.69,419171367834.23,3.04,90821571505.94,4.8
Australia,2007,0.0,1120.0,4.53,4.6,10972.89,45.46,44440090037.77,3.11,50910.34,2.47,48679.61,5.29,278428925691.1,4.12,28300.83,3.54,8.2,81.29,65.27,4.73,439008112345.36,13.1,102716809376.89,4.4
Australia,2008,10.62,1239.0,4.72,-2.04,10749.11,1.62,45160024270.94,1.65,51749.9,2.0,49652.89,4.85,291919660621.26,2.65,29051.68,2.33,8.91,81.4,64.12,5.5,463150628818.55,-5.16,97419898701.88,4.2
Australia,2009,-9.69,1119.0,3.08,0.4,10791.59,-36.49,28683266147.88,-0.26,51616.69,0.29,49797.15,7.49,313797997172.35,-1.74,28546.42,4.35,6.02,81.54,59.24,8.66,503250312794.36,3.22,100555817683.49,5.6
Australia,2010,0.0,1119.0,4.21,-0.41,10746.85,22.76,35210733743.08,0.44,51845.65,0.07,49831.83,-3.19,303798115035.67,0.7,28745.5,1.82,7.28,81.7,57.61,-9.53,455305205672.51,-2.51,98029414366.7,5.2
Australia,2011,0.0,1119.0,4.34,-0.04,10742.47,86.18,65554890649.53,0.97,52346.9,0.67,50164.7,8.42,329377091116.49,2.38,29428.62,2.85,7.74,81.9,58.84,5.93,482314463574.05,-1.63,96428762339.98,5.1
Australia,2012,0.09,1120.0,3.92,-2.77,10445.15,-12.21,57550426822.61,1.86,53321.88,2.92,51628.49,3.87,342109864258.64,0.82,29669.34,3.3,6.98,82.05,58.44,7.28,517433590387.3,-1.33,95149795763.15,5.2
Australia,2013,4.46,1170.0,3.25,-2.98,10133.86,-6.17,53997299139.89,0.72,53703.57,1.33,52317.55,-1.37,337405922716.76,-0.13,29630.21,1.76,6.18,82.15,57.1,-1.89,507633066797.83,1.39,96469134230.63,5.7
Brazil,1990,,,9394.29,0.82,1447.26,-12.56,989000000.0,-4.77,7909.81,-12.14,7704.33,-31.71,254627891189.77,1.15,4191.43,1430.72,,65.34,79.93,2.09,180361422926.09,11.33,29060232120.52,3.7
Brazil,1991,,,913.47,1.84,1473.89,11.53,1103000000.0,-0.16,7896.89,0.27,7725.05,-2.63,247939252356.6,6.49,4463.43,2947.73,,65.74,82.83,11.08,200346453552.33,-27.43,21090260042.52,
Brazil,1992,,,1560.18,0.64,1483.3,86.85,2061000000.0,-2.04,7735.46,-1.7,7593.41,3.83,257426198556.29,-2.22,4364.35,432.78,,66.17,84.79,15.51,231411486527.71,63.86,34557768689.71,6.4
Brazil,1993,,,3293.5,3.03,1528.21,-37.31,1292000000.0,3.05,7971.5,2.47,7781.16,8.75,279950259576.84,2.93,4492.07,951.65,,66.63,86.07,6.55,246559562978.67,12.47,38866547744.81,6.0
Brazil,1994,,,5175.24,1.99,1558.67,137.77,3072000000.0,3.73,8268.47,2.3,7960.37,8.82,304651783039.04,5.8,4752.7,1927.98,,67.11,87.99,3.9,256182174958.65,-7.38,35998708083.6,
Brazil,1995,,,52.25,4.38,1627.02,58.17,4859000000.0,2.82,8501.34,3.02,8200.7,-21.47,239230088408.49,6.96,5083.34,2075.89,,67.6,85.98,-10.17,230135514542.65,-3.3,34809132196.88,6.0
Brazil,1996,,,26.45,3.26,1680.06,130.5,11200000000.0,0.63,8555.07,1.52,8325.44,-10.79,213425064246.33,1.64,5166.9,66.01,,68.11,84.4,-3.92,221115044002.89,-16.51,29062651648.9,6.8
Brazil,1997,,,24.35,4.47,1755.22,75.45,19650000000.0,1.8,8709.03,1.26,8430.04,3.83,221598157653.28,1.45,5241.65,15.76,78.19,68.62,85.1,9.62,242375624542.35,22.41,35574733740.58,7.7
Brazil,1998,,,28.0,2.58,1800.59,62.41,31913000000.0,-1.2,8604.09,-2.49,8220.44,4.52,231620028778.29,-2.25,5123.79,6.93,86.36,69.11,87.9,-0.49,241177979448.6,16.27,41361446046.41,8.9
Brazil,1999,,,26.02,1.28,1823.55,-10.46,28576000000.0,-1.06,8512.82,-1.8,8072.24,-1.12,229020528826.86,-1.15,5064.89,3.2,80.44,69.59,86.97,28.24,309281180311.77,19.5,49425145838.15,9.6
Brazil,2000,,,17.2,3.46,1886.6,15.46,32994718699.75,2.55,8730.15,3.52,8356.38,11.5,255357853992.31,2.48,5190.33,4.86,56.83,70.04,84.96,12.34,347439442568.31,17.02,57839095830.66,
Brazil,2001,,,17.86,-7.99,1735.95,-29.61,23225846372.25,0.16,8743.91,0.03,8359.14,1.1,258175232543.9,-0.72,5153.14,7.04,57.62,70.46,83.79,20.95,420228679893.08,20.37,69619710441.64,9.4
Brazil,2002,,,19.14,3.21,1791.62,-28.59,16586600193.11,1.56,8880.17,1.81,8510.68,13.91,294082026623.74,-0.15,5145.35,6.84,62.88,70.85,81.04,5.66,444024682093.36,3.06,71746689749.38,9.1
Brazil,2003,,,21.97,4.02,1863.63,-38.97,10123013670.99,-0.28,8855.15,-0.32,8483.41,5.49,310215838539.23,-1.94,5045.29,8.45,67.08,71.2,77.78,3.05,457577093347.55,-0.65,71281322136.35,9.7
Brazil,2004,,,15.42,3.78,1933.98,79.6,18181190855.28,4.35,9240.04,4.8,8890.69,18.22,366744755551.81,2.53,5173.07,14.72,54.92,71.53,73.73,11.54,510383655179.2,2.34,72947712190.12,8.9
Brazil,2005,,664.9,17.63,2.93,1990.64,-14.97,15459981604.12,1.91,9416.36,1.82,9052.79,-0.28,365706878836.05,3.11,5334.18,6.6,55.38,71.84,72.78,-5.81,480732964832.2,4.91,76528747350.61,9.3
Brazil,2006,0.0,664.9,13.93,2.72,2044.86,25.34,19378093068.28,2.75,9675.39,2.53,9281.72,3.55,378674564463.43,4.06,5550.76,6.87,50.81,72.13,70.99,-0.05,480489543830.45,1.53,77699147301.37,8.4
Brazil,2007,8.72,722.9,10.58,4.54,2137.76,130.05,44579492463.63,4.92,10151.84,4.81,9728.33,9.48,414558124321.34,5.22,5840.68,4.18,43.72,72.41,68.79,3.02,495005169883.21,10.21,85630535929.25,8.1
Brazil,2008,2.95,744.2,11.66,2.84,2198.48,13.77,50716402711.48,4.02,10560.21,3.3,10049.25,6.32,440769719821.17,5.38,6154.95,3.64,47.25,72.7,66.94,13.26,560637040629.05,9.9,94107460731.26,7.1
Brazil,2009,-2.86,722.9,9.28,-1.49,2165.68,-37.93,31480932200.0,-1.11,10443.32,-1.02,9946.5,-14.28,377828573789.67,3.43,6366.02,5.66,44.65,72.98,69.19,-19.0,454104164316.59,-2.18,92053443513.53,8.3
Brazil,2010,49.79,1082.8,8.87,8.02,2339.44,180.97,88452079263.99,6.49,11121.42,9.98,10939.64,21.37,458568667576.17,5.21,6697.63,4.89,39.99,73.26,66.99,9.53,497380627557.98,-0.46,91628228885.18,
Brazil,2011,16.9,1265.8,10.99,2.35,2394.4,14.36,101157817518.34,2.92,11446.6,2.87,11253.48,5.33,483008373674.19,3.75,6948.46,5.04,43.88,73.55,64.84,9.44,544349834149.0,6.59,97666126595.36,6.7
Brazil,2012,0.0,1265.8,7.91,2.88,2463.28,-14.38,86606502980.75,0.97,11557.27,-0.74,11170.38,-2.89,469027824785.97,2.54,7124.96,6.64,36.64,73.84,64.24,6.62,580378364238.06,14.97,112290157634.93,6.1
Brazil,2013,90.73,2414.3,7.81,2.68,2529.3,-20.12,69181422946.63,2.08,11797.45,0.76,11254.99,-0.21,468047336850.37,2.54,7305.62,5.4,27.39,74.12,63.38,6.44,617731669345.51,6.61,119711378125.06,6.5
France,1990,,,4.5,1.79,5940.75,27.94,13183285334.81,2.33,32597.95,2.32,32739.22,3.12,448070191705.33,2.01,17640.36,3.5,10.57,76.6,76.13,-0.03,809217822013.7,8.3,209485915658.38,9.4
France,1991,,,4.5,7.05,6359.77,14.94,15152742089.84,0.96,32910.52,0.92,33041.53,-0.4,446260701794.85,0.59,17744.53,3.38,10.22,76.85,76.71,1.61,822284405665.85,4.95,219853106528.19,9.2
France,1992,,,4.5,1.82,6475.79,44.13,21839501253.07,1.1,33271.13,1.29,33469.33,-1.33,440327524702.16,0.66,17862.04,3.22,10.0,77.1,76.49,-0.8,815667065011.12,4.99,230820985667.38,10.3
France,1993,,,4.5,-0.35,6453.0,-4.97,20754044035.68,-1.04,32924.32,-0.94,33156.33,-6.81,410329824156.07,-0.45,17781.4,2.37,8.9,77.3,77.72,-5.59,770081834029.79,-0.68,229245853578.84,11.4
France,1994,,,4.5,1.2,6530.41,-23.88,15797125294.99,1.97,33571.33,1.76,33738.41,5.11,431302719962.5,1.33,18017.33,2.11,7.89,77.65,75.76,7.27,826056922916.37,-9.87,206619499384.65,12.7
France,1995,,,4.5,1.4,6621.94,50.26,23736300874.02,1.72,34147.74,1.68,34306.13,3.43,446105726395.65,1.39,18267.95,1.66,8.12,77.75,76.8,6.51,879815938575.6,1.88,210502712642.42,11.9
France,1996,,,3.67,4.28,6905.16,-7.43,21971888803.0,1.03,34499.34,1.51,34825.35,-1.91,437570394618.24,1.59,18558.71,1.78,6.77,77.95,76.68,2.94,905726342509.22,0.82,212223468200.49,12.4
France,1997,,,3.5,-1.04,6833.14,4.9,23047924754.76,1.98,35181.03,2.32,35634.68,7.28,469430671760.59,0.28,18609.76,2.0,6.34,78.3,75.78,10.83,1003787545049.1,5.71,224333461092.18,12.6
France,1998,,,3.21,2.67,7015.5,28.07,29518429032.21,3.18,36298.09,3.24,36788.25,7.79,506000544076.54,3.64,19287.73,1.22,6.55,78.6,77.43,6.66,1070602387203.02,6.34,238564922605.09,12.2
France,1999,,,2.69,1.91,7149.3,55.79,45986859387.45,2.88,37342.21,3.6,38112.04,4.75,530026715872.3,2.97,19860.64,0.6,6.36,78.76,88.23,3.89,1112213375243.99,24.64,297354540486.3,12.2
France,2000,,,2.62,1.06,7225.02,-10.01,41382267637.17,3.17,38524.51,2.98,39246.65,3.93,550843279234.04,2.97,20449.68,0.53,6.7,79.06,87.53,16.59,1296729423829.78,4.53,310821366012.5,10.2
France,2001,,,3.0,1.62,7342.26,21.13,50126614944.01,1.22,38992.63,1.14,39695.65,1.39,558509707096.6,1.8,20818.07,1.7,6.98,79.16,87.33,0.22,1299519438428.0,4.41,324539065048.76,8.6
France,2002,,,3.0,-0.58,7299.31,2.73,51493238175.36,0.39,39143.05,-0.38,39543.13,-0.83,553853679099.87,1.34,21096.23,1.63,6.6,79.26,87.25,-2.42,1268060338396.58,3.15,334767271623.81,8.7
France,2003,,,2.69,3.15,7529.6,-17.8,42324928757.88,0.11,39185.11,0.34,39678.07,-2.29,541187823873.04,0.79,21263.48,1.92,6.6,79.11,87.12,-3.57,1222755377122.86,-7.13,310895034536.11,8.5
France,2004,,,2.25,1.75,7661.51,-15.93,35581202492.28,2.03,39981.5,2.23,40564.71,3.88,562192613957.72,1.25,21528.98,2.11,6.6,80.16,86.66,4.97,1283521534248.59,1.86,316681532020.87,8.9
France,2005,,1295.0,2.15,-0.08,7655.54,139.39,85179159787.32,0.84,40319.21,1.13,41023.72,-0.49,559430213614.17,1.74,21904.32,2.13,,80.16,84.94,5.49,1353963436337.64,4.99,332469796530.25,8.9
France,2006,0.0,1295.0,2.44,-1.47,7543.05,-7.32,78945704919.9,1.66,40989.99,1.92,41810.45,4.13,582539546139.67,1.5,22232.15,1.74,,80.81,85.48,6.29,1439194904106.29,5.16,349620868410.33,8.8
France,2007,0.0,1295.0,2.85,-0.32,7519.06,6.12,83780962091.27,1.73,41699.17,1.81,42565.54,4.57,609172269832.52,1.86,22646.39,1.68,,81.11,85.08,3.03,1482803636701.59,5.0,367119035615.77,8.0
France,2008,7.72,1395.0,3.67,1.69,7646.21,-18.84,67999194663.21,-0.36,41547.77,-0.31,42431.54,-1.93,597421605595.85,-0.12,22619.76,1.49,,81.21,83.98,1.96,1511807505860.09,4.47,383532265031.75,7.4
France,2009,0.0,1395.0,1.92,-4.0,7340.67,-72.97,18380195792.77,-3.44,40118.77,-3.76,40837.9,-13.62,516078780052.43,-0.3,22551.63,2.81,,81.41,84.1,-14.89,1286764921883.83,-6.99,356707952728.74,9.1
France,2010,0.0,1395.0,1.46,5.4,7737.02,111.64,38899924637.72,1.46,40705.77,1.71,41536.67,2.73,530173509933.77,1.34,22853.64,0.09,,81.66,83.34,11.02,1428541721854.3,7.48,383395141903.87,9.3
France,2011,3.58,1445.0,2.08,-6.51,7233.68,13.6,44191741839.76,1.59,41351.65,1.83,42296.86,5.24,557931321131.34,-0.01,22851.41,1.53,,82.11,82.74,10.02,1571744988951.41,8.25,415036449813.48,9.2
France,2012,0.0,1445.0,2.25,1.81,7364.4,-25.44,32950453827.85,-0.3,41227.18,-1.16,41807.04,-0.59,554663296599.27,-0.7,22691.5,2.12,,81.97,83.36,1.96,1602535599812.67,6.29,441159597915.02,9.8
France,2013,0.0,1445.0,,0.13,7373.98,-4.13,31589259642.15,0.1,41268.46,0.08,41841.03,0.26,556081663625.04,0.02,22695.61,1.96,,82.22,83.44,0.4,1609004471732.16,5.7,466319790290.91,9.9
India,1990,,,,5.85,272.9,-6.11,236690000.0,3.37,541.74,3.23,534.85,8.96,110993368631.8,2.32,352.34,3.26,16.5,57.94,70.2,7.89,71873730069.27,4.15,15472295377.41,
India,1991,,,,6.93,291.8,-68.93,73537638.39,-0.98,536.43,-1.2,528.44,-3.41,107203309172.2,0.1,352.69,8.97,17.88,58.44,63.99,10.71,79572686169.52,21.84,18851533014.85,
India,1992,,,,4.66,305.39,276.01,276512438.97,3.39,554.64,3.38,546.3,10.25,118188282658.14,0.55,354.62,13.87,18.92,58.95,72.16,14.46,91076660949.63,6.12,20005193664.8,
India,1993,,,,5.3,321.57,99.04,550370024.93,2.71,569.67,2.85,561.85,-5.07,112190524139.73,2.31,362.82,11.79,16.25,59.45,74.46,11.67,101709748018.99,7.49,21502715549.09,
India,1994,,,,6.45,342.32,76.84,973271468.72,4.61,595.91,4.71,588.32,14.64,128616025676.36,2.84,373.14,6.36,14.75,59.95,75.86,8.97,110837511000.85,11.69,24015746110.49,3.7
India,1995,,,,5.14,359.9,120.25,2143628110.28,5.53,628.86,5.7,621.87,16.96,150425007183.2,4.07,388.33,10.21,15.46,60.44,72.64,22.52,135797010290.12,16.97,28090767113.65,2.2
India,1996,,,,0.29,360.95,13.18,2426057021.91,5.53,663.62,5.73,657.5,-9.63,135942725711.31,5.75,410.65,10.22,15.96,60.92,75.31,3.14,140058499760.2,6.53,29925562811.98,2.1
India,1997,,,,4.35,376.65,47.45,3577330042.35,2.12,677.68,2.19,671.89,15.88,157530965895.74,1.08,415.07,8.98,13.83,61.37,79.52,7.32,150315285430.62,15.09,34441428946.96,2.6
India,1998,,,,2.76,387.03,-26.35,2634651657.77,4.24,706.43,4.25,700.44,-0.27,157102391340.84,4.55,433.97,7.16,13.54,61.81,77.03,11.25,167232905291.8,27.55,43929268701.27,3.6
India,1999,,,,1.6,393.21,-17.69,2168591054.38,6.89,755.12,6.98,749.31,24.09,194955033752.83,4.18,452.1,13.23,12.54,62.23,71.56,13.97,190598440904.15,21.1,53199742159.37,
India,2000,,,,0.41,394.8,65.28,3584217307.19,2.02,770.35,1.73,762.26,-3.32,188472986075.19,1.62,459.43,4.67,12.29,62.63,57.56,12.57,214551029382.59,14.82,61082898919.77,4.3
India,2001,,,,0.04,394.95,43.07,5128093561.63,3.02,793.64,3.23,786.86,11.54,210219013745.25,4.13,478.42,4.01,12.08,63.02,54.13,1.29,217312483020.1,5.55,64472727765.18,
India,2002,,,,4.27,411.82,1.58,5208967106.28,2.06,810.0,2.27,804.72,0.84,211980012088.37,1.14,483.89,3.68,11.92,63.4,52.04,17.84,256086997515.28,5.91,68284856175.54,
India,2003,,,,4.83,431.71,-29.31,3681984671.43,6.09,859.34,6.01,853.07,14.37,242436954674.78,4.19,504.16,4.39,11.46,63.77,53.81,11.82,286361092492.04,10.03,75136321728.23,
India,2004,,,,4.91,452.9,47.45,5429250989.86,6.19,912.56,6.25,906.36,30.17,315568069651.55,3.49,521.73,3.81,10.92,64.15,52.84,32.3,378869059154.43,39.43,104759497641.68,
India,2005,,622.3,,3.64,469.37,33.89,7269407225.61,7.57,981.69,7.56,974.84,12.26,354252616464.59,6.95,557.97,3.77,10.75,64.52,51.33,22.47,464011128561.78,27.7,133780653624.13,4.4
India,2006,0.0,622.3,,8.81,510.7,175.53,20029119267.14,7.59,1056.24,7.52,1048.18,13.35,401530941834.0,6.82,596.02,4.25,11.19,64.91,60.72,19.83,556003782582.3,23.69,165475981943.42,
India,2007,-25.23,465.3,,6.39,543.36,25.96,25227740886.68,6.99,1130.05,7.36,1125.34,27.22,510828282737.36,3.95,619.58,6.15,13.02,65.3,63.18,10.68,615362455514.08,5.12,173955832369.3,
India,2008,5.05,488.8,,3.6,562.94,72.06,43406277075.81,2.38,1156.97,2.19,1150.02,-10.56,456905684231.7,5.62,654.41,6.37,13.31,65.7,63.31,21.01,744632493031.74,29.99,226131354268.87,
India,2009,0.0,488.8,,6.86,601.55,-18.03,35581372929.66,6.95,1237.39,6.95,1229.95,15.41,527296751529.17,5.8,692.39,8.35,12.19,66.1,62.01,-5.62,702808326333.19,-13.06,196599056665.34,
India,2010,6.26,519.4,,7.04,643.88,-23.0,27396885033.78,8.75,1345.72,8.23,1331.14,13.6,599015005342.15,7.23,742.47,10.88,8.33,66.51,62.98,17.12,823154655975.79,17.91,231806858634.48,3.5
India,2011,4.06,540.5,,8.47,698.43,33.22,36498654597.86,5.23,1416.12,5.45,1403.7,-2.58,583559866748.62,7.84,800.66,11.99,10.17,66.9,62.06,19.38,982645535486.93,10.18,255406036695.72,
India,2012,4.35,564.0,,3.73,724.49,-34.26,23995685014.21,4.27,1476.57,3.96,1459.34,0.85,588501133699.81,3.95,832.25,8.86,10.6,67.29,62.23,5.86,1040223671120.32,9.91,280720502998.15,3.6
India,2013,159.22,1462.0,,5.59,765.0,17.33,28153031270.32,5.31,1555.02,5.25,1535.98,7.12,630395668401.0,5.44,877.51,9.31,10.29,67.66,61.78,2.57,1066957960014.75,4.77,294110029875.77,4.5
Italy,1990,,,6.8,3.44,4144.91,196.01,6410685449.36,1.9,30841.11,1.22,30435.18,4.04,393595138039.83,1.96,18439.56,6.22,14.85,76.97,75.67,-0.03,637321443761.26,20.89,133074710183.78,9.8
Italy,1991,,,6.64,1.93,4224.74,-62.55,2400685993.41,1.47,31293.92,1.29,30827.86,-0.08,393271328627.97,2.61,18920.38,6.5,14.67,77.02,76.45,-5.29,603595049452.21,-10.3,119367125294.67,10.1
Italy,1992,,,7.11,2.03,4310.54,29.32,3104520913.54,0.77,31533.57,0.61,31016.26,-2.69,382700920532.12,1.66,19233.74,6.3,16.52,77.42,77.89,3.92,627229396732.71,23.06,146896983209.51,9.3
Italy,1993,,,7.79,-0.16,4303.65,20.75,3748776013.27,-0.91,31245.54,-0.67,30807.2,1.64,388970384529.84,-3.1,18637.63,5.08,14.63,77.72,79.18,7.23,672567165076.63,7.13,157363649300.62,10.2
Italy,1994,,,6.2,3.15,4439.32,-41.34,2199180295.33,2.13,31911.14,1.97,31414.11,3.01,400692797382.72,1.51,18919.16,4.48,11.98,77.92,79.12,9.44,736084706860.79,0.89,158769685611.38,11.1
Italy,1995,,,6.45,3.57,4597.89,120.16,4841781426.0,2.89,32831.84,3.23,32427.68,9.4,438342836789.35,1.53,19207.76,4.03,13.24,78.17,78.92,16.19,855233024133.17,6.9,169730467636.41,11.7
Italy,1996,,,6.49,1.32,4658.7,-26.76,3545881094.1,1.26,33244.83,1.51,32917.37,2.12,447628583509.32,1.03,19404.66,5.24,12.82,78.52,78.01,-5.0,812509054222.53,-4.01,162922214569.93,11.9
Italy,1997,,,4.83,2.85,4791.29,4.34,3699857611.8,1.78,33837.09,2.32,33679.54,-1.14,442519734367.82,3.23,20031.29,3.97,10.51,78.82,77.71,5.86,860125706751.58,10.12,179409810967.17,12.0
Italy,1998,,,3.16,3.43,4955.72,-28.79,2634605953.58,1.59,34374.03,1.49,34180.7,-0.43,440604097061.6,3.26,20683.34,2.04,8.64,78.98,78.85,2.82,884358834605.27,5.68,189601728012.65,12.1
Italy,1999,,,1.61,2.5,5079.49,163.53,6942860356.75,1.54,34904.34,1.91,34834.99,-1.79,432697564289.57,2.53,21205.61,1.96,6.35,79.42,83.35,0.47,888522199394.7,-1.78,186219215643.34,11.7
Italy,2000,,,1.84,4.34,5299.86,89.78,13176403310.9,3.66,36182.93,3.45,36038.06,2.65,444176544474.5,2.28,21689.16,1.66,7.02,79.78,80.19,17.04,1039942891233.89,9.28,203503705442.09,10.8
Italy,2001,,,1.96,2.01,5406.49,12.88,14873909552.71,1.72,36803.48,1.79,36681.9,3.5,459732155696.44,0.56,21810.72,2.52,7.29,80.13,80.37,1.24,1052788775322.32,2.59,208781722438.96,9.6
Italy,2002,,,1.43,2.46,5539.7,-1.17,14699160476.56,0.1,36840.06,-0.05,36662.3,1.34,465869909594.99,-0.11,21786.24,2.79,6.54,80.23,80.48,-3.76,1013158185947.16,-0.86,206995340307.57,9.2
Italy,2003,,,0.95,2.04,5652.52,12.51,16537792207.38,-0.29,36732.16,-0.34,36538.84,-2.76,453008554082.19,0.38,21868.85,2.46,5.83,79.98,80.4,-3.86,974064984967.16,-4.89,196869449856.66,8.9
Italy,2004,,,,0.63,5688.0,1.53,16791130464.54,0.93,37072.54,1.25,36995.1,2.69,465199669229.31,0.33,21941.78,2.68,5.51,80.78,78.99,4.38,1016740492176.48,1.5,199829525781.32,7.9
Italy,2005,,1217.0,,0.76,5731.1,16.95,19636818499.03,0.45,37241.15,0.77,37280.28,-2.58,453206607095.0,0.8,22116.32,2.22,5.31,80.78,76.52,4.92,1066770394482.47,5.11,210033404756.06,7.7
Italy,2006,0.0,1217.0,,1.79,5833.47,98.64,39007009353.86,1.7,37874.42,1.93,37998.41,2.32,463722857144.72,1.14,22369.5,2.0,5.62,81.28,74.06,10.01,1173586350849.15,8.61,228109560345.3,6.8
Italy,2007,0.0,1217.0,,-0.5,5804.33,2.66,40042891549.59,0.96,38239.07,0.65,38244.26,5.18,487732204603.58,0.65,22515.24,2.07,6.33,81.43,73.55,5.13,1233819001007.8,5.0,239523432797.29,6.1
Italy,2008,1.15,1231.0,,-0.8,5757.96,-123.73,-9500316172.96,-1.7,37587.58,-2.66,37225.98,-4.83,464173642289.44,-1.73,22124.7,1.82,6.84,81.49,70.74,-1.94,1209899522165.86,-4.04,229857544817.29,6.7
Italy,2009,0.0,1231.0,,-6.77,5368.39,-274.46,16574423267.73,-5.91,35365.51,-5.11,35324.83,-15.64,391585172345.63,-2.01,21680.76,3.38,4.76,81.64,73.41,-21.22,953201986337.64,-13.91,197894530944.05,7.7
Italy,2010,1.14,1245.0,,2.33,5493.71,-40.04,9937474797.03,1.37,35851.51,1.23,35758.19,0.77,394615408211.92,0.89,21873.4,0.75,4.03,82.04,71.65,16.71,1112440687417.22,8.0,213731968294.05,8.4
Italy,2011,0.0,1245.0,,0.38,5514.8,246.6,34443576599.82,0.4,35996.28,0.33,35877.3,2.33,403804268869.03,-0.18,21833.21,1.54,4.6,82.19,71.18,6.8,1188052531939.49,0.87,215590065014.91,8.4
Italy,2012,-8.03,1145.0,,-2.12,5397.74,-99.9,34812127.56,-3.08,34887.37,-2.96,34815.37,-3.04,391538273612.78,-4.21,20914.53,2.74,5.22,82.24,71.23,-1.77,1167063608394.91,0.9,217523057158.16,10.7
Italy,2013,0.0,1145.0,,-4.42,5159.18,56002.79,19530574590.52,-2.86,33889.32,-2.89,33808.41,0.17,392207219579.03,-3.58,20165.48,3.04,5.14,82.69,71.64,-2.98,1132232513913.57,-1.59,214062886314.39,12.1
Japan,1990,,,4.08,4.0,6486.15,-271.22,1777361196.11,5.21,36856.25,5.17,37102.52,5.96,1520545951942.29,4.84,21112.36,2.28,6.86,78.84,73.98,9.33,895470433146.19,,,2.3
Japan,1991,,,5.07,3.14,6689.65,-27.66,1285720114.76,3.0,37963.47,3.03,38228.44,4.53,1589444622563.53,1.87,21507.15,3.03,7.53,79.1,72.91,-4.51,855093591624.97,,,2.1
Japan,1992,,,3.35,0.41,6716.81,114.66,2759977744.1,0.57,38179.51,0.75,38513.55,-2.54,1549085000447.02,1.85,21905.64,3.3,6.15,79.15,73.31,-3.42,825884073293.41,,,2.2
Japan,1993,,,2.14,1.08,6789.28,-95.7,118698479.55,-0.08,38150.55,-0.05,38494.93,-3.67,1492205754603.34,0.76,22071.55,1.71,4.86,79.29,71.48,-8.39,756567275765.38,,,2.4
Japan,1994,,,1.7,6.09,7202.58,668.07,911689479.4,0.52,38349.13,0.44,38664.29,-3.54,1439417393877.95,1.93,22497.47,1.27,4.13,79.69,70.37,1.44,767459212003.19,,,3.0
Japan,1995,,,0.9,2.25,7364.89,-95.69,39332003.28,1.55,38945.03,1.58,39275.73,-0.04,1438863739573.28,1.28,22786.27,0.69,3.51,79.54,70.34,6.62,818260664147.41,,,3.0
Japan,1996,,,0.3,2.1,7519.65,427.92,207641498.4,2.35,39860.47,2.67,40326.19,1.3,1457506499312.95,2.04,23250.07,-0.12,2.66,80.2,68.92,16.02,949383691821.1,,211022665493.89,3.4
Japan,1997,,,0.3,2.07,7674.94,1441.15,3200076742.37,1.35,40400.12,1.57,40960.21,1.89,1485110160310.74,0.64,23399.36,0.13,2.45,80.42,68.65,9.36,1038283098336.14,8.29,228516476708.72,3.4
Japan,1998,,,0.27,0.22,7692.12,2.13,3268105339.1,-2.27,39483.41,-2.25,40038.66,-6.02,1395715741309.38,-1.02,23159.66,1.76,2.32,80.5,68.91,-5.36,982613286243.57,-2.12,223664600938.6,3.7
Japan,1999,,,0.12,1.62,7816.78,276.62,12308393448.14,-0.38,39332.82,-0.48,39847.37,-6.07,1311021173718.69,1.0,23390.89,0.66,2.16,80.57,67.51,-4.93,934209606710.03,-10.79,199520476201.38,4.6
Japan,2000,,,0.07,2.03,7975.21,-13.16,10688168325.61,2.09,40153.53,2.09,40681.22,3.16,1352414735755.02,0.24,23446.58,-0.33,2.07,81.08,65.94,10.71,1034226416427.84,1.28,202084305633.76,4.8
Japan,2001,,,0.06,-1.91,7822.81,-53.91,4926033619.18,0.11,40199.29,0.51,40889.2,-5.73,1274942281703.58,1.35,23763.6,-0.65,1.97,81.42,64.25,0.12,1035441507705.67,6.89,216009559872.99,4.7
Japan,2002,,,0.04,1.19,7915.67,134.62,11557373873.94,0.06,40222.05,0.01,40892.08,-4.3,1220069177870.13,0.96,23991.56,-0.8,1.86,81.56,62.29,4.77,1084883747392.23,5.63,228172949621.28,5.2
Japan,2003,,,0.04,-1.27,7815.31,-24.1,8771535612.32,1.47,40812.41,1.51,41509.83,2.77,1253837639374.24,0.28,24059.04,-1.31,1.82,81.76,60.57,6.14,1151452093070.36,1.57,231744492384.77,5.2
Japan,2004,,,0.08,3.01,8050.73,-14.18,7527948175.22,2.33,41761.82,2.54,42562.46,4.09,1305129270928.8,1.12,24328.22,0.17,1.77,82.03,59.53,13.36,1305251080607.33,16.05,268937525599.97,4.6
Japan,2005,,711.1,0.27,2.01,8212.69,-27.48,5459618342.94,1.29,42301.89,1.75,43308.71,-1.13,1290403367430.15,1.52,24698.44,-0.01,1.68,81.93,59.76,12.71,1471120893248.16,5.93,284888302595.73,4.4
Japan,2006,0.0,711.1,0.68,0.41,8246.63,-143.9,-2396909736.31,1.63,42990.77,2.13,44232.91,1.96,1315727025337.54,1.04,24955.07,-0.27,1.66,82.32,59.98,16.15,1708680705436.62,11.04,316353201057.77,4.1
Japan,2007,0.0,711.1,0.81,2.76,8474.38,-1002.46,21631204435.68,2.07,43882.75,2.59,45376.77,4.91,1380349841829.63,0.81,25156.68,0.24,1.88,82.51,59.12,11.12,1898713445099.6,14.23,361360489950.87,3.7
Japan,2008,0.0,711.1,0.59,-4.98,8052.58,13.84,24624845329.56,-1.09,43404.63,-1.17,44844.91,-6.69,1287958422098.04,-0.97,24911.69,0.06,1.91,82.59,60.01,3.13,1958175455955.28,1.51,366828692088.55,3.9
Japan,2009,0.0,711.1,0.43,-3.04,7808.07,-50.35,12226471578.74,-5.52,41010.79,-5.99,42157.91,-18.33,1051929789214.09,-0.66,24747.94,1.37,1.72,82.93,58.35,-32.89,1314131459745.48,-21.34,288545773975.78,4.9
Japan,2010,1.2,719.6,0.5,6.78,8337.13,-39.14,7440979284.16,4.69,42935.25,4.58,44089.35,10.12,1158365411671.69,2.75,25428.56,-1.35,1.6,82.84,57.29,22.14,1605084990983.13,3.77,299433487692.7,4.9
Japan,2011,0.0,719.6,0.46,-5.95,7841.46,-111.43,-850717035.07,-0.26,42824.71,0.12,44141.19,-8.6,1058789017730.2,0.46,25545.27,-0.72,1.5,82.59,57.78,6.4,1707863696518.41,-2.09,293177203122.63,4.4
Japan,2012,0.0,719.6,0.48,-1.13,7752.72,-164.29,546962692.19,1.95,43658.17,1.99,45020.66,-0.42,1054357576528.33,2.48,26178.85,-0.28,1.41,83.1,58.54,2.31,1747394426786.72,2.57,300704469962.3,4.2
Japan,2013,41.93,1021.3,0.54,1.07,7835.6,1846.83,10648441636.21,1.53,44327.94,2.01,45926.53,-1.59,1037542622499.34,1.84,26661.53,-0.03,1.3,83.33,58.31,13.77,1988054868786.11,17.12,352185064898.39,3.9
Kenya,1990,,,13.67,2.9,124.97,-8.21,57081096.18,0.73,928.32,-0.42,893.39,8.63,4032810400.31,-3.6,655.82,13.79,18.75,58.8,76.8,11.77,12410928285.04,21.3,4666719790.56,
Kenya,1991,,,,1.07,126.31,-67.01,18830976.84,-1.86,911.06,-2.3,872.83,6.52,4295637315.35,-0.93,649.75,17.78,19.0,58.23,67.96,-1.09,12275214121.8,-4.4,4461369578.0,
Kenya,1992,,,,-0.08,126.21,-66.21,6363133.14,-3.95,875.04,-3.75,840.13,-15.82,3616197047.52,-4.17,622.68,20.08,21.07,57.47,76.1,-5.56,11592982425.34,-2.54,4348007895.39,
Kenya,1993,,,,1.95,128.68,2189.05,145655517.11,-2.74,851.1,-4.75,800.25,37.12,4958397303.35,-4.57,594.19,27.33,29.99,56.56,68.68,38.13,16013913292.64,100.64,8723860311.3,
Kenya,1994,,,,-1.98,126.13,-94.9,7432412.6,-0.39,847.79,0.77,806.4,0.58,4987083365.33,-1.18,587.21,45.98,36.24,55.53,68.11,0.39,16076319045.88,-0.81,8653018113.39,
Kenya,1995,,,13.6,1.09,127.5,468.98,42289248.46,1.49,860.41,3.21,832.28,-27.94,3593444846.2,10.81,650.71,28.81,28.8,54.46,69.16,5.11,16897636258.9,-17.9,7103918578.55,
Kenya,1996,,,17.59,1.96,130.0,156.98,108672931.62,1.39,872.41,3.02,857.39,-44.76,1985093413.29,-0.11,649.98,1.55,33.79,53.4,71.9,-16.81,14057960707.69,-27.35,5161192820.26,
Kenya,1997,,,16.72,-1.61,127.9,-42.86,62096809.78,-2.05,854.49,-1.57,843.91,-19.84,1591257589.37,1.21,657.83,8.86,30.24,52.44,72.01,-5.23,13322520336.38,23.38,6368081775.55,
Kenya,1998,,,18.4,0.84,128.97,-57.25,26548245.97,0.77,861.03,1.12,853.4,30.12,2070602099.79,2.02,671.13,11.36,29.49,51.64,75.64,-6.57,12447354327.07,7.75,6861810168.07,
Kenya,1999,,,9.55,-7.24,119.63,95.69,51953455.95,-0.18,859.47,-0.58,848.41,13.13,2342467365.01,1.57,681.66,6.72,22.38,51.07,76.7,0.83,12550719591.89,18.19,8110246031.2,9.8
Kenya,2000,,,8.1,-10.21,107.42,113.47,110904550.4,-1.88,843.34,-1.54,835.32,-18.58,1907350419.19,-2.83,662.33,5.74,22.34,50.79,77.98,11.28,13966537814.02,-55.8,3584410774.7,
Kenya,2001,,,6.64,9.3,117.41,-95.22,5302622.94,1.18,853.32,1.04,844.02,24.11,2367296118.61,1.54,672.54,9.98,19.67,50.82,75.33,8.92,15211662107.24,14.27,4095849090.45,
Kenya,2002,,,5.49,-0.53,116.79,420.85,27618447.06,-2.0,836.24,-1.81,828.76,12.73,2668613706.68,-1.71,661.02,5.74,18.45,51.16,71.14,-0.84,15083206222.85,-9.53,3705340177.91,
Kenya,2003,,,4.13,5.04,122.68,195.96,81738242.64,0.3,838.72,0.13,829.87,10.97,2961303056.07,-0.41,658.28,1.96,16.57,51.75,67.85,0.99,15232748570.5,-2.86,3599315961.04,
Kenya,2004,,,2.43,6.16,130.24,-43.64,46063931.45,2.4,858.84,2.63,851.7,6.93,3166432024.63,-0.22,656.86,9.82,12.53,52.55,68.24,15.48,17591044601.46,28.36,4620195133.69,
Kenya,2005,,2325.0,5.08,1.96,132.79,-53.95,21211685.4,3.18,886.11,4.0,885.77,0.79,3191480934.73,3.72,681.3,11.62,12.88,53.52,64.84,14.81,20196831363.52,9.81,5073504119.07,
Kenya,2006,-14.19,1995.0,5.14,6.16,140.96,138.9,50674725.18,3.72,919.1,3.48,916.63,-2.12,3123941182.98,7.09,729.58,10.31,13.64,54.59,66.59,-8.79,18421683260.02,-1.86,4979183020.79,
Kenya,2007,0.0,1995.0,5.16,2.78,144.88,1338.67,729044146.04,4.08,956.64,3.91,952.46,18.64,3706135531.45,2.57,748.32,14.45,13.34,55.7,62.59,4.26,19205585106.09,3.68,5162635390.68,
Kenya,2008,9.77,2190.0,5.3,-0.27,144.49,-86.89,95585680.23,-2.37,933.94,-2.03,933.08,-28.85,2636791784.53,-4.08,717.8,9.76,14.02,56.78,59.15,7.08,20565983373.4,-0.05,5159883652.21,
Kenya,2009,0.0,2190.0,5.97,0.77,145.61,21.63,116257608.99,0.61,939.63,0.57,938.43,19.43,3149072986.36,1.86,731.14,26.24,14.8,57.8,57.59,-8.74,18768317283.48,-8.57,4717833698.1,
Kenya,2010,0.0,2190.0,4.56,5.82,154.09,53.16,178064606.75,5.56,991.85,5.3,988.19,-0.65,3128713721.02,4.67,765.27,9.23,14.37,58.72,55.41,15.57,21690793758.17,24.24,5861312663.17,
Kenya,2011,0.0,2190.0,5.63,0.61,155.02,-21.45,139862091.1,3.31,1024.73,3.71,1024.82,-38.87,1912552356.24,3.48,791.88,3.96,15.05,59.53,54.76,18.29,25657006452.3,8.76,6374742134.68,
Kenya,2012,7.31,2350.0,11.57,1.15,156.81,16.84,163410210.3,1.79,1043.12,1.49,1040.06,38.13,2641722104.14,2.91,814.9,14.02,19.72,60.27,52.24,-4.49,24506240102.19,0.93,6433752430.91,
Kenya,2013,0.0,2350.0,8.64,6.96,167.72,127.55,371846696.37,2.91,1073.5,2.64,1067.55,-7.97,2431154906.58,5.6,860.51,9.38,17.31,60.95,47.99,-1.85,24052606214.78,-2.15,6295544701.39,
Singapore,1990,,,4.67,7.41,4983.05,93.13,5574738855.38,5.85,22178.49,5.42,21955.3,11.4,30878441367.57,3.35,9932.96,2.35,7.36,75.3,74.68,8.85,232652908924.09,20.35,40101945934.96,
Singapore,1991,,,4.63,2.44,5104.81,-12.34,4887094440.1,3.69,22997.78,3.13,22643.57,10.14,34010118005.17,3.14,10245.1,3.46,7.58,75.65,72.69,0.36,233480616537.63,-9.27,36382871335.12,
Singapore,1992,,,2.87,2.58,5236.64,-54.89,2204342221.04,3.92,23898.9,5.61,23913.32,8.12,36772016690.48,2.65,10516.48,3.43,5.95,75.95,72.58,2.9,240244060478.31,4.72,38100028719.69,2.2
Singapore,1993,,,2.3,5.03,5499.97,112.59,4686312017.49,8.75,25990.31,6.4,25444.41,10.19,40517659066.89,8.81,11443.41,2.26,5.39,76.05,70.65,12.27,269725290929.25,11.51,42485207638.22,2.1
Singapore,1994,,,3.0,6.23,5842.56,82.45,8550165226.99,7.5,27939.63,9.95,27977.15,15.56,46823874203.24,4.19,11922.7,2.29,5.88,76.2,70.45,11.86,301716048095.16,12.59,47832283634.2,2.2
Singapore,1995,,,3.5,3.88,6069.22,34.91,11535267660.29,3.83,29008.5,4.45,29223.28,10.35,51672122087.96,0.56,11989.83,3.1,6.37,76.3,71.14,17.16,353491071816.04,16.17,55565582147.17,2.2
Singapore,1996,,,3.41,4.01,6312.69,-16.06,9682130954.84,3.25,29951.02,1.73,29730.24,9.01,56326274053.25,2.17,12249.5,1.72,6.26,76.6,71.2,4.48,369329381281.0,2.66,57041877124.85,2.2
Singapore,1997,,,3.47,8.18,6829.23,42.04,13752707284.4,4.72,31363.41,7.6,31989.45,11.23,62651709615.24,2.39,12542.38,1.38,6.32,76.9,70.22,4.89,387402576492.24,2.83,58656225294.64,2.0
Singapore,1998,,,4.6,2.0,6965.75,-46.82,7313866999.42,-5.49,29641.23,-5.93,30093.83,-1.76,61549395243.31,-6.25,11758.24,2.0,7.44,77.3,68.64,-5.68,365385240074.46,0.07,58699130425.85,3.5
Singapore,1999,,,1.68,3.19,7187.67,126.66,16577945945.52,5.25,31197.61,4.83,31548.22,-0.61,61173092204.92,8.2,12722.5,-0.27,5.8,77.55,67.95,14.09,416875823089.52,21.37,71243112009.5,3.8
Singapore,2000,,,1.71,5.39,7575.44,-6.41,15515295182.23,7.03,33390.06,5.18,33183.04,3.75,63466782436.8,12.71,14340.12,0.02,5.83,77.95,66.32,18.1,492333796857.29,11.06,79126078538.56,3.7
Singapore,2001,,,1.52,-0.78,7516.17,9.61,17006874669.49,-3.59,32191.94,-4.01,31852.63,-7.71,58572622873.24,3.82,14888.29,1.36,5.65,78.25,65.25,-4.56,469899482158.63,10.23,87222779359.61,3.7
Singapore,2002,,,0.87,3.2,7756.32,-63.8,6157249991.39,3.26,33242.99,1.46,32318.09,2.22,59872695451.25,3.99,15482.39,1.0,5.35,78.55,62.62,4.66,491812420729.05,7.55,93807202132.21,4.8
Singapore,2003,,,0.5,4.61,8113.59,176.93,17051420152.87,5.99,35233.13,5.14,33980.41,9.38,65489918482.83,2.23,15826.93,-0.39,5.31,79.04,59.12,12.84,554964159336.6,15.14,108009229904.09,5.2
Singapore,2004,,,0.4,2.47,8314.33,43.04,24390314129.16,8.19,38117.41,3.98,35333.04,20.01,78592468993.7,3.71,16414.09,0.51,5.3,79.49,58.47,16.27,645282996874.74,17.29,126683135219.26,4.4
Singapore,2005,,367.0,0.44,4.37,8677.7,-25.83,18090329984.27,4.99,40020.26,5.4,37240.85,11.2,87398612664.0,1.01,16579.66,1.66,5.3,79.99,58.25,11.73,720989490493.9,8.5,137454386733.95,4.1
Singapore,2006,0.0,367.0,0.57,0.48,8719.57,104.11,36923890240.83,5.51,42223.89,9.18,40660.67,10.94,96959216018.54,0.07,16591.25,0.43,5.31,80.14,57.61,10.93,799788455193.25,14.9,157941623812.38,3.6
Singapore,2007,0.0,367.0,0.53,-0.15,8706.58,29.27,47733209770.19,4.66,44191.24,5.15,42752.67,12.82,109391103172.46,1.82,16892.81,1.02,5.33,80.44,57.92,1.07,808381837017.78,7.5,169781314728.89,3.0
Singapore,2008,19.62,439.0,0.42,-3.51,8401.05,-74.44,12200705251.93,-3.49,42650.1,-4.79,40705.18,-3.17,105923155519.7,-1.87,16576.64,2.1,5.38,80.79,60.55,12.26,907454614351.01,14.38,194193514396.13,3.2
Singapore,2009,0.0,439.0,0.29,-4.62,8013.32,95.24,23821209699.62,-3.56,41133.3,-3.59,39242.96,-0.84,105029711595.53,-4.07,15902.21,6.52,5.38,81.24,60.0,-18.56,739032550830.96,-8.88,176958376892.22,4.3
Singapore,2010,0.0,439.0,0.21,6.97,8571.46,131.21,55075864345.04,13.22,46569.68,17.99,46304.66,22.2,128349541620.83,4.03,16543.84,0.6,5.38,81.54,58.87,19.04,879723945727.91,14.18,202043649653.77,3.1
Singapore,2011,0.0,439.0,0.17,-0.26,8549.51,-12.25,48329198470.29,4.02,48439.94,2.39,47409.5,6.01,136064065522.94,2.11,16892.4,2.8,5.38,81.74,60.16,6.95,940868636961.97,7.08,216352289986.78,2.9
Singapore,2012,0.0,439.0,0.14,1.23,8654.41,18.25,57149923946.97,1.16,49000.71,0.19,47498.6,2.19,139038578483.6,1.03,17066.51,5.25,5.38,82.0,61.84,1.58,955701922563.36,7.11,231740225476.77,2.8
Singapore,2013,0.23,440.0,0.14,2.14,8839.71,15.6,66066890433.95,2.99,50467.84,3.19,49013.56,4.71,145586226096.02,1.43,17310.39,4.53,5.38,82.25,61.36,3.09,985278666826.79,12.28,260195141173.51,2.8
Switzerland,1990,,,8.28,1.03,7445.29,122.04,5544796309.52,2.62,63881.69,1.95,65302.43,6.12,143608368211.08,0.54,36089.32,3.16,7.42,77.24,91.09,-1.89,353362552765.5,-2.31,49125924628.21,2.1
Switzerland,1991,,,7.63,1.25,7538.41,-48.8,2838789160.79,-2.15,62510.47,-2.05,63964.84,-6.99,133563047515.32,0.56,36289.91,5.38,7.83,77.51,90.68,-4.86,336183112563.9,0.74,49489635372.79,1.8
Switzerland,1992,,,5.5,-1.43,7430.3,-60.25,1128487634.09,-1.14,61798.03,-1.4,63066.13,-5.62,126056040277.66,-0.63,36060.34,5.88,7.8,77.81,91.09,-0.65,333983057968.94,3.19,51066277474.14,2.8
Switzerland,1993,,,3.5,-2.63,7235.09,51.26,1706937974.44,-1.03,61160.63,-0.58,62700.75,1.02,127341237911.39,-1.27,35600.66,4.04,6.4,78.09,91.11,-1.17,330087198081.48,2.9,52548159695.5,3.7
Switzerland,1994,,,3.63,-1.1,7155.49,115.75,3682699144.73,0.47,61445.45,-0.28,62524.59,4.28,132793976645.8,0.42,35748.68,3.27,5.5,78.35,90.79,1.05,333560940030.87,-2.31,51336122661.69,3.9
Switzerland,1995,,,1.28,1.79,7283.38,12.91,4158247959.95,-0.19,61329.72,0.63,62919.46,-1.09,131349207056.45,0.21,35824.01,0.86,5.48,78.42,91.21,0.07,333802759631.37,-0.72,50968534085.41,3.3
Switzerland,1996,,,1.34,1.51,7393.54,5.16,4372941966.49,0.16,61426.48,0.41,63175.21,-2.13,128548640536.29,0.64,36052.42,1.8,4.97,78.9,90.49,3.88,346758783986.82,6.65,54358833036.3,3.7
Switzerland,1997,,,1.0,-0.7,7341.61,67.08,7306214202.66,2.07,62695.48,3.76,65547.62,2.54,131817980742.14,1.37,36547.92,0.82,4.47,79.08,90.33,14.52,397111579040.64,9.96,59774771813.88,4.2
Switzerland,1998,,,0.69,1.9,7481.43,32.07,9649104418.89,2.64,64350.23,3.05,67548.51,4.78,138118790542.01,1.86,37227.8,0.52,4.07,79.32,90.77,2.41,406682435556.84,6.94,63923641748.37,3.6
Switzerland,1999,,,1.24,2.21,7646.85,28.78,12426006171.62,1.16,65096.54,1.91,68837.88,0.92,139388715870.08,1.54,37800.66,0.02,3.9,79.58,94.07,3.03,418998255701.3,9.78,70175887945.54,3.1
Switzerland,2000,,,3.0,2.6,7845.63,85.75,23080879762.68,3.36,67286.14,4.21,71736.14,8.01,150555363436.41,1.2,38253.5,0.82,4.28,79.68,93.22,13.35,474934519538.42,94.08,136194951348.28,2.7
Switzerland,2001,,,1.68,1.87,7992.28,-57.69,9765012889.1,0.81,67828.93,-1.71,70511.03,-0.17,150298695055.56,1.49,38821.85,1.54,4.3,80.18,93.51,-0.7,471586860671.12,-4.68,129815987989.25,2.5
Switzerland,2002,,,0.43,0.49,8031.43,-15.43,8258050580.18,-0.61,67414.29,-1.71,69303.75,-1.25,148415046333.84,-0.42,38657.05,0.99,3.93,80.39,93.19,-4.98,448082282659.99,-3.9,124758229068.92,2.9
Switzerland,2003,,,0.17,2.04,8195.12,138.81,19721053893.39,-0.69,66949.25,3.17,71500.28,-1.18,146667421176.71,-0.32,38534.97,0.64,3.27,80.54,93.17,-1.57,441045494478.15,-1.18,123290509669.23,4.1
Switzerland,2004,,,0.21,0.13,8205.83,-63.99,7102294152.72,2.14,68380.89,1.75,72750.13,5.06,154087527951.03,1.12,38965.33,0.64,3.2,81.09,92.72,7.86,475711125909.36,8.79,134129966149.34,4.3
Switzerland,2005,,1333.0,0.52,1.21,8305.37,-62.48,2664910821.0,2.38,70008.6,4.45,75989.43,5.76,162962797428.13,0.83,39289.11,0.8,3.12,81.24,92.18,10.12,523864565558.75,7.69,144439699522.84,4.4
Switzerland,2006,0.0,1333.0,1.4,0.66,8360.58,1917.36,53760772986.3,3.36,72362.35,2.45,77854.06,11.48,181666712380.78,0.85,39621.68,1.17,3.03,81.49,91.5,8.48,568300465080.94,4.93,151557647431.96,4.0
Switzerland,2007,0.0,1333.0,2.13,-2.36,8163.3,-9.44,48688296542.67,3.21,74687.93,-3.36,75239.07,9.98,199802643790.02,1.42,40185.23,1.06,3.15,81.74,91.45,11.04,631062261643.65,10.75,167855875346.34,3.7
Switzerland,2008,12.9,1505.0,0.16,1.75,8305.92,-93.86,2990936685.11,0.99,75424.28,-6.1,70646.91,3.97,207728916035.03,0.23,40278.03,0.73,3.34,81.99,90.91,5.45,665449426177.85,0.07,167965096162.25,3.3
Switzerland,2009,2.33,1540.0,0.08,-3.43,8021.22,1493.43,47658570354.73,-3.34,72901.43,5.31,74398.03,-7.74,191649321436.98,-0.0,40277.4,2.43,2.75,82.04,89.82,-8.95,605872198610.56,-1.83,164896489267.01,4.1
Switzerland,2010,0.0,1540.0,0.08,1.91,8174.54,-62.92,17670735602.92,1.89,74277.12,5.88,78772.0,5.52,202234347876.11,0.58,40510.79,-0.48,2.73,82.25,89.27,12.98,684501997123.41,-0.3,164409033945.33,4.5
Switzerland,2011,0.0,1540.0,0.03,-3.01,7928.19,31.28,23197878785.86,0.68,74781.37,-4.15,75502.52,3.4,209113191133.81,-0.3,40390.3,0.7,2.72,82.7,89.27,6.39,728243216928.04,-1.36,162177401281.15,4.0
Switzerland,2012,-6.49,1440.0,0.03,-0.53,7886.34,13.32,26287656999.23,-0.02,74767.04,1.21,76415.12,-0.79,207464877907.04,1.52,41004.22,0.23,2.69,82.7,86.76,2.01,742853099600.94,8.25,175550976683.35,4.2
Switzerland,2013,0.0,1440.0,0.03,-1.0,7807.31,-194.71,-24898192946.79,0.62,75228.3,0.27,76620.93,1.78,211150327603.74,1.03,41428.17,-0.69,2.69,82.8,85.21,8.54,806316082820.64,4.69,183775566576.03,4.4
United States,1990,,,,1.57,11713.33,-28.95,48490000000.0,0.77,36312.41,0.92,36404.0,-1.73,1828109286313.06,0.92,23100.42,4.83,10.01,75.21,76.56,4.03,1791183055985.3,11.5,402514919863.76,5.6
United States,1991,,,,3.59,12134.17,-52.2,23180000000.0,-1.4,35803.87,-1.47,35870.37,-2.91,1774880910865.25,-1.1,22845.86,5.4,8.46,75.37,76.23,-0.2,1787583166158.57,3.06,414826202226.71,6.8
United States,1992,,,,-0.98,12014.96,-14.54,19810000000.0,2.13,36566.17,2.09,36620.76,2.99,1827936065683.47,2.28,23367.09,4.23,6.25,75.62,74.48,4.38,1865886756998.21,2.62,425710504985.1,7.5
United States,1993,,,,2.05,12261.52,159.36,51380000000.0,1.4,37078.05,1.39,37129.75,2.21,1868326471484.22,2.12,23862.08,3.03,6.0,75.42,73.39,3.23,1926099480568.38,1.92,433873741677.82,6.9
United States,1994,,,,1.58,12455.16,-10.22,46130000000.0,2.77,38104.97,2.63,38105.43,7.07,2000368019808.91,2.61,24485.47,2.95,7.14,75.62,72.29,9.28,2104894882456.41,5.44,457465957525.55,6.1
United States,1995,,,,1.64,12659.61,25.3,57800000000.0,1.5,38677.72,1.55,38696.92,3.15,2063290089531.3,1.77,24919.3,2.61,8.83,75.62,71.17,9.51,2305146625396.71,5.93,484581171654.82,5.6
United States,1996,,,,1.54,12854.3,49.69,86520000000.0,2.6,39681.52,2.61,39708.13,5.9,2184967296680.41,2.3,25491.5,2.81,8.27,76.03,69.57,4.86,2417133418403.7,6.78,517414380825.07,5.4
United States,1997,,,,0.28,12889.83,22.04,105590000000.0,3.24,40965.85,3.12,40947.68,8.27,2365563735430.12,2.52,26134.43,2.93,8.44,76.43,68.87,7.87,2607450535045.85,5.84,547608442210.35,4.9
United States,1998,,,,2.06,13154.76,69.55,179030000000.0,3.24,42292.89,3.16,42240.91,3.86,2456796747812.23,4.13,27212.86,2.34,8.35,76.58,67.97,1.84,2655302206764.44,3.94,569194026732.26,4.5
United States,1999,,,,0.97,13281.87,61.67,289443000000.0,3.49,43768.88,3.57,43750.34,2.71,2523443413209.42,4.09,28327.2,1.55,7.99,76.58,67.46,6.68,2832626764025.8,3.11,586912104635.96,4.2
United States,2000,,,,2.93,13671.05,20.94,350066000000.0,2.94,45055.82,3.02,45072.01,0.33,2531809451945.41,3.91,29435.95,2.19,9.23,76.64,66.32,12.13,3176126402161.28,6.68,626090470613.1,4.0
United States,2001,,,,-4.57,13046.61,-51.02,171471000000.0,-0.02,45047.49,0.11,45122.06,-5.79,2385203440616.81,1.58,29902.12,3.38,6.92,76.84,65.47,-7.84,2927269466198.99,-5.84,589524572559.37,4.7
United States,2002,,,,1.91,13296.18,-36.16,109466000000.0,0.85,45428.65,0.8,45483.65,-3.08,2311663850679.21,1.63,30389.85,2.83,4.68,76.94,63.77,-1.13,2894168231754.9,1.97,601158245787.66,5.8
United States,2003,,,,0.09,13307.49,1.72,111346000000.0,1.93,46304.04,2.07,46425.05,0.44,2321844921937.83,2.24,31071.58,1.59,4.12,77.04,62.35,4.2,3015825133752.81,3.31,621079232016.6,6.0
United States,2004,,,,0.61,13388.59,86.69,207877000000.0,2.83,47614.28,2.98,47806.67,4.98,2437365966052.08,2.88,31967.87,2.27,4.34,77.49,60.88,12.31,3387128188963.11,13.57,705375331003.92,5.5
United States,2005,,696.0,,2.36,13704.58,-33.46,138327000000.0,2.4,48755.62,2.38,48942.29,4.72,2552406191124.56,2.56,32787.81,2.68,6.19,77.49,59.17,8.47,3674159519442.8,5.68,745458948251.11,5.1
United States,2006,0.0,696.0,,-0.89,13583.27,112.75,294288000000.0,1.68,49575.4,1.46,49656.3,2.98,2628440896405.84,2.05,33460.74,3.39,7.96,77.69,57.25,8.19,3975227842543.68,8.54,809128263012.21,4.6
United States,2007,0.0,696.0,,0.55,13657.45,15.56,340065000000.0,0.82,49979.53,1.2,50250.41,-0.4,2617867623676.01,1.27,33885.96,3.23,8.05,77.99,56.49,5.89,4209327605759.3,10.65,895325688856.48,4.6
United States,2008,7.33,747.0,,0.04,13663.42,-2.16,332734000000.0,-1.23,49364.64,-0.95,49775.16,-8.98,2382868519136.52,-1.28,33452.06,2.85,5.09,78.04,56.06,6.78,4494651947647.76,7.29,960617853145.81,5.8
United States,2009,5.62,789.0,,-5.49,12913.71,-53.78,153788000000.0,-3.62,47575.61,-3.73,47919.47,-9.53,2155719277047.33,-2.46,32629.2,3.84,3.25,78.39,53.36,-19.58,3614533409904.32,-5.22,910510330954.14,9.3
United States,2010,0.0,789.0,,3.72,13394.02,68.64,259344000000.0,1.68,48374.09,2.01,48880.84,3.91,2239979000000.0,1.07,32979.78,-0.36,3.25,78.54,51.99,16.68,4217327000000.0,6.82,972641000000.0,9.6
United States,2011,0.0,789.0,,-1.15,13240.48,-0.75,257410000000.0,0.83,48774.78,1.03,49386.67,0.5,2251285834313.56,1.48,33469.5,1.64,3.25,78.64,52.98,11.35,4695786502105.62,7.13,1042028983399.03,9.0
United States,2012,0.0,789.0,,-2.16,12954.54,-5.59,243011000000.0,1.45,49481.16,1.33,50044.1,9.42,2463307645864.54,0.69,33700.27,3.16,3.25,78.74,53.17,1.66,4773717083334.31,2.33,1066358254494.71,8.1
United States,2013,63.37,1289.0,,0.26,12988.26,13.98,276978000000.0,0.93,49941.49,0.93,50507.68,7.87,2657190867331.79,0.72,33941.46,2.07,3.25,78.84,53.05,0.06,4776611821806.26,3.21,1100640318363.0,7.4
